dia.semama.llegada.code,hora.llegada,end.station.name_12 Ave & W 40 St,end.station.name_5 Corners Library,end.station.name_6 Ave & W 33 St,end.station.name_Astor Place,end.station.name_Baldwin at Montgomery,end.station.name_Barrow St & Hudson St,end.station.name_Bergen Ave,end.station.name_Broadway & W 49 St,end.station.name_Broadway & W 56 St,end.station.name_Brunswick & 6th,end.station.name_Brunswick St,end.station.name_Cabrini Blvd & W 177 St,end.station.name_Christ Hospital,end.station.name_Christopher St & Greenwich St,end.station.name_City Hall,end.station.name_Columbus Dr at Exchange Pl,end.station.name_Columbus Drive,end.station.name_Communipaw & Berry Lane,end.station.name_Dey St,end.station.name_Dixon Mills,end.station.name_Driggs Ave & N 9 St,end.station.name_E 16 St & 5 Ave,end.station.name_E 85 St & York Ave,end.station.name_Essex Light Rail,end.station.name_Fairmount Ave,end.station.name_Front St & Jay St,end.station.name_Fulton St & Broadway,end.station.name_Glenwood Ave,end.station.name_Grand St,end.station.name_Greenwich St & W Houston St,end.station.name_Grove St PATH,end.station.name_Hamilton Park,end.station.name_Harborside,end.station.name_Harrison St & Hudson St,end.station.name_Heights Elevator,end.station.name_Hilltop,end.station.name_Hoboken Ave at Monmouth St,end.station.name_JC Medical Center,end.station.name_JCBS Depot,end.station.name_Jackson Square,end.station.name_Jay St & York St,end.station.name_Jersey & 3rd,end.station.name_Jersey & 6th St,end.station.name_Journal Square,end.station.name_Lafayette Park,end.station.name_Leonard Gordon Park,end.station.name_Liberty Light Rail,end.station.name_Lincoln Park,end.station.name_Little West St & 1 Pl,end.station.name_Manila & 1st,end.station.name_Marin Light Rail,end.station.name_McGinley Square,end.station.name_Mercer St & Spring St,end.station.name_Monmouth and 6th,end.station.name_Montgomery St,end.station.name_Morris Canal,end.station.name_Mott St & Prince St,end.station.name_Murray St & West St,end.station.name_Newark Ave,end.station.name_Newport PATH,end.station.name_Newport Pkwy,end.station.name_Oakland Ave,end.station.name_Paulus Hook,end.station.name_Pershing Field,end.station.name_Riverside Dr & W 138 St,end.station.name_Riverside Dr & W 78 St,end.station.name_Riverview Park,end.station.name_Sip Ave,end.station.name_South St & Gouverneur Ln,end.station.name_Union St,end.station.name_Van Vorst Park,end.station.name_Vesey Pl & River Terrace,end.station.name_W 13 St & 7 Ave,end.station.name_W 17 St & 8 Ave,end.station.name_W 20 St & 11 Ave,end.station.name_W 45 St & 8 Ave,end.station.name_W Broadway & Spring Street,end.station.name_Wall St & South St,end.station.name_Warren St,end.station.name_Washington St,end.station.name_West St & Chambers St,end.station.name_West St & Liberty St,end.station.name_West Thames St,end.station.name_York St
1,0,124,124,124,124,124,124,124,124,124,124,124,124,124,124,124,124,124,124,124,124,124,124,124,124,124,124,124,124,124,124,124,124,124,124,124,124,124,124,124,124,124,124,124,124,124,124,124,124,124,124,124,124,124,124,124,124,124,124,124,124,124,124,124,124,124,124,124,124,124,124,124,124,124,124,124,124,124,124,124,124,124,124,124,124
1,1,36,36,36,36,36,36,36,36,36,36,36,36,36,36,36,36,36,36,36,36,36,36,36,36,36,36,36,36,36,36,36,36,36,36,36,36,36,36,36,36,36,36,36,36,36,36,36,36,36,36,36,36,36,36,36,36,36,36,36,36,36,36,36,36,36,36,36,36,36,36,36,36,36,36,36,36,36,36,36,36,36,36,36,36
1,2,23,23,23,23,23,23,23,23,23,23,23,23,23,23,23,23,23,23,23,23,23,23,23,23,23,23,23,23,23,23,23,23,23,23,23,23,23,23,23,23,23,23,23,23,23,23,23,23,23,23,23,23,23,23,23,23,23,23,23,23,23,23,23,23,23,23,23,23,23,23,23,23,23,23,23,23,23,23,23,23,23,23,23,23
1,3,20,20,20,20,20,20,20,20,20,20,20,20,20,20,20,20,20,20,20,20,20,20,20,20,20,20,20,20,20,20,20,20,20,20,20,20,20,20,20,20,20,20,20,20,20,20,20,20,20,20,20,20,20,20,20,20,20,20,20,20,20,20,20,20,20,20,20,20,20,20,20,20,20,20,20,20,20,20,20,20,20,20,20,20
1,4,24,24,24,24,24,24,24,24,24,24,24,24,24,24,24,24,24,24,24,24,24,24,24,24,24,24,24,24,24,24,24,24,24,24,24,24,24,24,24,24,24,24,24,24,24,24,24,24,24,24,24,24,24,24,24,24,24,24,24,24,24,24,24,24,24,24,24,24,24,24,24,24,24,24,24,24,24,24,24,24,24,24,24,24
1,5,107,107,107,107,107,107,107,107,107,107,107,107,107,107,107,107,107,107,107,107,107,107,107,107,107,107,107,107,107,107,107,107,107,107,107,107,107,107,107,107,107,107,107,107,107,107,107,107,107,107,107,107,107,107,107,107,107,107,107,107,107,107,107,107,107,107,107,107,107,107,107,107,107,107,107,107,107,107,107,107,107,107,107,107
1,6,369,369,369,369,369,369,369,369,369,369,369,369,369,369,369,369,369,369,369,369,369,369,369,369,369,369,369,369,369,369,369,369,369,369,369,369,369,369,369,369,369,369,369,369,369,369,369,369,369,369,369,369,369,369,369,369,369,369,369,369,369,369,369,369,369,369,369,369,369,369,369,369,369,369,369,369,369,369,369,369,369,369,369,369
1,7,825,825,825,825,825,825,825,825,825,825,825,825,825,825,825,825,825,825,825,825,825,825,825,825,825,825,825,825,825,825,825,825,825,825,825,825,825,825,825,825,825,825,825,825,825,825,825,825,825,825,825,825,825,825,825,825,825,825,825,825,825,825,825,825,825,825,825,825,825,825,825,825,825,825,825,825,825,825,825,825,825,825,825,825
1,8,1217,1217,1217,1217,1217,1217,1217,1217,1217,1217,1217,1217,1217,1217,1217,1217,1217,1217,1217,1217,1217,1217,1217,1217,1217,1217,1217,1217,1217,1217,1217,1217,1217,1217,1217,1217,1217,1217,1217,1217,1217,1217,1217,1217,1217,1217,1217,1217,1217,1217,1217,1217,1217,1217,1217,1217,1217,1217,1217,1217,1217,1217,1217,1217,1217,1217,1217,1217,1217,1217,1217,1217,1217,1217,1217,1217,1217,1217,1217,1217,1217,1217,1217,1217
1,9,822,822,822,822,822,822,822,822,822,822,822,822,822,822,822,822,822,822,822,822,822,822,822,822,822,822,822,822,822,822,822,822,822,822,822,822,822,822,822,822,822,822,822,822,822,822,822,822,822,822,822,822,822,822,822,822,822,822,822,822,822,822,822,822,822,822,822,822,822,822,822,822,822,822,822,822,822,822,822,822,822,822,822,822
1,10,480,480,480,480,480,480,480,480,480,480,480,480,480,480,480,480,480,480,480,480,480,480,480,480,480,480,480,480,480,480,480,480,480,480,480,480,480,480,480,480,480,480,480,480,480,480,480,480,480,480,480,480,480,480,480,480,480,480,480,480,480,480,480,480,480,480,480,480,480,480,480,480,480,480,480,480,480,480,480,480,480,480,480,480
1,11,482,482,482,482,482,482,482,482,482,482,482,482,482,482,482,482,482,482,482,482,482,482,482,482,482,482,482,482,482,482,482,482,482,482,482,482,482,482,482,482,482,482,482,482,482,482,482,482,482,482,482,482,482,482,482,482,482,482,482,482,482,482,482,482,482,482,482,482,482,482,482,482,482,482,482,482,482,482,482,482,482,482,482,482
1,12,577,577,577,577,577,577,577,577,577,577,577,577,577,577,577,577,577,577,577,577,577,577,577,577,577,577,577,577,577,577,577,577,577,577,577,577,577,577,577,577,577,577,577,577,577,577,577,577,577,577,577,577,577,577,577,577,577,577,577,577,577,577,577,577,577,577,577,577,577,577,577,577,577,577,577,577,577,577,577,577,577,577,577,577
1,13,678,678,678,678,678,678,678,678,678,678,678,678,678,678,678,678,678,678,678,678,678,678,678,678,678,678,678,678,678,678,678,678,678,678,678,678,678,678,678,678,678,678,678,678,678,678,678,678,678,678,678,678,678,678,678,678,678,678,678,678,678,678,678,678,678,678,678,678,678,678,678,678,678,678,678,678,678,678,678,678,678,678,678,678
1,14,598,598,598,598,598,598,598,598,598,598,598,598,598,598,598,598,598,598,598,598,598,598,598,598,598,598,598,598,598,598,598,598,598,598,598,598,598,598,598,598,598,598,598,598,598,598,598,598,598,598,598,598,598,598,598,598,598,598,598,598,598,598,598,598,598,598,598,598,598,598,598,598,598,598,598,598,598,598,598,598,598,598,598,598
1,15,627,627,627,627,627,627,627,627,627,627,627,627,627,627,627,627,627,627,627,627,627,627,627,627,627,627,627,627,627,627,627,627,627,627,627,627,627,627,627,627,627,627,627,627,627,627,627,627,627,627,627,627,627,627,627,627,627,627,627,627,627,627,627,627,627,627,627,627,627,627,627,627,627,627,627,627,627,627,627,627,627,627,627,627
1,16,835,835,835,835,835,835,835,835,835,835,835,835,835,835,835,835,835,835,835,835,835,835,835,835,835,835,835,835,835,835,835,835,835,835,835,835,835,835,835,835,835,835,835,835,835,835,835,835,835,835,835,835,835,835,835,835,835,835,835,835,835,835,835,835,835,835,835,835,835,835,835,835,835,835,835,835,835,835,835,835,835,835,835,835
1,17,1389,1389,1389,1389,1389,1389,1389,1389,1389,1389,1389,1389,1389,1389,1389,1389,1389,1389,1389,1389,1389,1389,1389,1389,1389,1389,1389,1389,1389,1389,1389,1389,1389,1389,1389,1389,1389,1389,1389,1389,1389,1389,1389,1389,1389,1389,1389,1389,1389,1389,1389,1389,1389,1389,1389,1389,1389,1389,1389,1389,1389,1389,1389,1389,1389,1389,1389,1389,1389,1389,1389,1389,1389,1389,1389,1389,1389,1389,1389,1389,1389,1389,1389,1389
1,18,1677,1677,1677,1677,1677,1677,1677,1677,1677,1677,1677,1677,1677,1677,1677,1677,1677,1677,1677,1677,1677,1677,1677,1677,1677,1677,1677,1677,1677,1677,1677,1677,1677,1677,1677,1677,1677,1677,1677,1677,1677,1677,1677,1677,1677,1677,1677,1677,1677,1677,1677,1677,1677,1677,1677,1677,1677,1677,1677,1677,1677,1677,1677,1677,1677,1677,1677,1677,1677,1677,1677,1677,1677,1677,1677,1677,1677,1677,1677,1677,1677,1677,1677,1677
1,19,1315,1315,1315,1315,1315,1315,1315,1315,1315,1315,1315,1315,1315,1315,1315,1315,1315,1315,1315,1315,1315,1315,1315,1315,1315,1315,1315,1315,1315,1315,1315,1315,1315,1315,1315,1315,1315,1315,1315,1315,1315,1315,1315,1315,1315,1315,1315,1315,1315,1315,1315,1315,1315,1315,1315,1315,1315,1315,1315,1315,1315,1315,1315,1315,1315,1315,1315,1315,1315,1315,1315,1315,1315,1315,1315,1315,1315,1315,1315,1315,1315,1315,1315,1315
1,20,752,752,752,752,752,752,752,752,752,752,752,752,752,752,752,752,752,752,752,752,752,752,752,752,752,752,752,752,752,752,752,752,752,752,752,752,752,752,752,752,752,752,752,752,752,752,752,752,752,752,752,752,752,752,752,752,752,752,752,752,752,752,752,752,752,752,752,752,752,752,752,752,752,752,752,752,752,752,752,752,752,752,752,752
1,21,467,467,467,467,467,467,467,467,467,467,467,467,467,467,467,467,467,467,467,467,467,467,467,467,467,467,467,467,467,467,467,467,467,467,467,467,467,467,467,467,467,467,467,467,467,467,467,467,467,467,467,467,467,467,467,467,467,467,467,467,467,467,467,467,467,467,467,467,467,467,467,467,467,467,467,467,467,467,467,467,467,467,467,467
1,22,317,317,317,317,317,317,317,317,317,317,317,317,317,317,317,317,317,317,317,317,317,317,317,317,317,317,317,317,317,317,317,317,317,317,317,317,317,317,317,317,317,317,317,317,317,317,317,317,317,317,317,317,317,317,317,317,317,317,317,317,317,317,317,317,317,317,317,317,317,317,317,317,317,317,317,317,317,317,317,317,317,317,317,317
1,23,151,151,151,151,151,151,151,151,151,151,151,151,151,151,151,151,151,151,151,151,151,151,151,151,151,151,151,151,151,151,151,151,151,151,151,151,151,151,151,151,151,151,151,151,151,151,151,151,151,151,151,151,151,151,151,151,151,151,151,151,151,151,151,151,151,151,151,151,151,151,151,151,151,151,151,151,151,151,151,151,151,151,151,151
2,0,76,76,76,76,76,76,76,76,76,76,76,76,76,76,76,76,76,76,76,76,76,76,76,76,76,76,76,76,76,76,76,76,76,76,76,76,76,76,76,76,76,76,76,76,76,76,76,76,76,76,76,76,76,76,76,76,76,76,76,76,76,76,76,76,76,76,76,76,76,76,76,76,76,76,76,76,76,76,76,76,76,76,76,76
2,1,51,51,51,51,51,51,51,51,51,51,51,51,51,51,51,51,51,51,51,51,51,51,51,51,51,51,51,51,51,51,51,51,51,51,51,51,51,51,51,51,51,51,51,51,51,51,51,51,51,51,51,51,51,51,51,51,51,51,51,51,51,51,51,51,51,51,51,51,51,51,51,51,51,51,51,51,51,51,51,51,51,51,51,51
2,2,17,17,17,17,17,17,17,17,17,17,17,17,17,17,17,17,17,17,17,17,17,17,17,17,17,17,17,17,17,17,17,17,17,17,17,17,17,17,17,17,17,17,17,17,17,17,17,17,17,17,17,17,17,17,17,17,17,17,17,17,17,17,17,17,17,17,17,17,17,17,17,17,17,17,17,17,17,17,17,17,17,17,17,17
2,3,11,11,11,11,11,11,11,11,11,11,11,11,11,11,11,11,11,11,11,11,11,11,11,11,11,11,11,11,11,11,11,11,11,11,11,11,11,11,11,11,11,11,11,11,11,11,11,11,11,11,11,11,11,11,11,11,11,11,11,11,11,11,11,11,11,11,11,11,11,11,11,11,11,11,11,11,11,11,11,11,11,11,11,11
2,4,34,34,34,34,34,34,34,34,34,34,34,34,34,34,34,34,34,34,34,34,34,34,34,34,34,34,34,34,34,34,34,34,34,34,34,34,34,34,34,34,34,34,34,34,34,34,34,34,34,34,34,34,34,34,34,34,34,34,34,34,34,34,34,34,34,34,34,34,34,34,34,34,34,34,34,34,34,34,34,34,34,34,34,34
2,5,136,136,136,136,136,136,136,136,136,136,136,136,136,136,136,136,136,136,136,136,136,136,136,136,136,136,136,136,136,136,136,136,136,136,136,136,136,136,136,136,136,136,136,136,136,136,136,136,136,136,136,136,136,136,136,136,136,136,136,136,136,136,136,136,136,136,136,136,136,136,136,136,136,136,136,136,136,136,136,136,136,136,136,136
2,6,365,365,365,365,365,365,365,365,365,365,365,365,365,365,365,365,365,365,365,365,365,365,365,365,365,365,365,365,365,365,365,365,365,365,365,365,365,365,365,365,365,365,365,365,365,365,365,365,365,365,365,365,365,365,365,365,365,365,365,365,365,365,365,365,365,365,365,365,365,365,365,365,365,365,365,365,365,365,365,365,365,365,365,365
2,7,928,928,928,928,928,928,928,928,928,928,928,928,928,928,928,928,928,928,928,928,928,928,928,928,928,928,928,928,928,928,928,928,928,928,928,928,928,928,928,928,928,928,928,928,928,928,928,928,928,928,928,928,928,928,928,928,928,928,928,928,928,928,928,928,928,928,928,928,928,928,928,928,928,928,928,928,928,928,928,928,928,928,928,928
2,8,1374,1374,1374,1374,1374,1374,1374,1374,1374,1374,1374,1374,1374,1374,1374,1374,1374,1374,1374,1374,1374,1374,1374,1374,1374,1374,1374,1374,1374,1374,1374,1374,1374,1374,1374,1374,1374,1374,1374,1374,1374,1374,1374,1374,1374,1374,1374,1374,1374,1374,1374,1374,1374,1374,1374,1374,1374,1374,1374,1374,1374,1374,1374,1374,1374,1374,1374,1374,1374,1374,1374,1374,1374,1374,1374,1374,1374,1374,1374,1374,1374,1374,1374,1374
2,9,823,823,823,823,823,823,823,823,823,823,823,823,823,823,823,823,823,823,823,823,823,823,823,823,823,823,823,823,823,823,823,823,823,823,823,823,823,823,823,823,823,823,823,823,823,823,823,823,823,823,823,823,823,823,823,823,823,823,823,823,823,823,823,823,823,823,823,823,823,823,823,823,823,823,823,823,823,823,823,823,823,823,823,823
2,10,508,508,508,508,508,508,508,508,508,508,508,508,508,508,508,508,508,508,508,508,508,508,508,508,508,508,508,508,508,508,508,508,508,508,508,508,508,508,508,508,508,508,508,508,508,508,508,508,508,508,508,508,508,508,508,508,508,508,508,508,508,508,508,508,508,508,508,508,508,508,508,508,508,508,508,508,508,508,508,508,508,508,508,508
2,11,438,438,438,438,438,438,438,438,438,438,438,438,438,438,438,438,438,438,438,438,438,438,438,438,438,438,438,438,438,438,438,438,438,438,438,438,438,438,438,438,438,438,438,438,438,438,438,438,438,438,438,438,438,438,438,438,438,438,438,438,438,438,438,438,438,438,438,438,438,438,438,438,438,438,438,438,438,438,438,438,438,438,438,438
2,12,585,585,585,585,585,585,585,585,585,585,585,585,585,585,585,585,585,585,585,585,585,585,585,585,585,585,585,585,585,585,585,585,585,585,585,585,585,585,585,585,585,585,585,585,585,585,585,585,585,585,585,585,585,585,585,585,585,585,585,585,585,585,585,585,585,585,585,585,585,585,585,585,585,585,585,585,585,585,585,585,585,585,585,585
2,13,603,603,603,603,603,603,603,603,603,603,603,603,603,603,603,603,603,603,603,603,603,603,603,603,603,603,603,603,603,603,603,603,603,603,603,603,603,603,603,603,603,603,603,603,603,603,603,603,603,603,603,603,603,603,603,603,603,603,603,603,603,603,603,603,603,603,603,603,603,603,603,603,603,603,603,603,603,603,603,603,603,603,603,603
2,14,568,568,568,568,568,568,568,568,568,568,568,568,568,568,568,568,568,568,568,568,568,568,568,568,568,568,568,568,568,568,568,568,568,568,568,568,568,568,568,568,568,568,568,568,568,568,568,568,568,568,568,568,568,568,568,568,568,568,568,568,568,568,568,568,568,568,568,568,568,568,568,568,568,568,568,568,568,568,568,568,568,568,568,568
2,15,611,611,611,611,611,611,611,611,611,611,611,611,611,611,611,611,611,611,611,611,611,611,611,611,611,611,611,611,611,611,611,611,611,611,611,611,611,611,611,611,611,611,611,611,611,611,611,611,611,611,611,611,611,611,611,611,611,611,611,611,611,611,611,611,611,611,611,611,611,611,611,611,611,611,611,611,611,611,611,611,611,611,611,611
2,16,846,846,846,846,846,846,846,846,846,846,846,846,846,846,846,846,846,846,846,846,846,846,846,846,846,846,846,846,846,846,846,846,846,846,846,846,846,846,846,846,846,846,846,846,846,846,846,846,846,846,846,846,846,846,846,846,846,846,846,846,846,846,846,846,846,846,846,846,846,846,846,846,846,846,846,846,846,846,846,846,846,846,846,846
2,17,1524,1524,1524,1524,1524,1524,1524,1524,1524,1524,1524,1524,1524,1524,1524,1524,1524,1524,1524,1524,1524,1524,1524,1524,1524,1524,1524,1524,1524,1524,1524,1524,1524,1524,1524,1524,1524,1524,1524,1524,1524,1524,1524,1524,1524,1524,1524,1524,1524,1524,1524,1524,1524,1524,1524,1524,1524,1524,1524,1524,1524,1524,1524,1524,1524,1524,1524,1524,1524,1524,1524,1524,1524,1524,1524,1524,1524,1524,1524,1524,1524,1524,1524,1524
2,18,1746,1746,1746,1746,1746,1746,1746,1746,1746,1746,1746,1746,1746,1746,1746,1746,1746,1746,1746,1746,1746,1746,1746,1746,1746,1746,1746,1746,1746,1746,1746,1746,1746,1746,1746,1746,1746,1746,1746,1746,1746,1746,1746,1746,1746,1746,1746,1746,1746,1746,1746,1746,1746,1746,1746,1746,1746,1746,1746,1746,1746,1746,1746,1746,1746,1746,1746,1746,1746,1746,1746,1746,1746,1746,1746,1746,1746,1746,1746,1746,1746,1746,1746,1746
2,19,1398,1398,1398,1398,1398,1398,1398,1398,1398,1398,1398,1398,1398,1398,1398,1398,1398,1398,1398,1398,1398,1398,1398,1398,1398,1398,1398,1398,1398,1398,1398,1398,1398,1398,1398,1398,1398,1398,1398,1398,1398,1398,1398,1398,1398,1398,1398,1398,1398,1398,1398,1398,1398,1398,1398,1398,1398,1398,1398,1398,1398,1398,1398,1398,1398,1398,1398,1398,1398,1398,1398,1398,1398,1398,1398,1398,1398,1398,1398,1398,1398,1398,1398,1398
2,20,845,845,845,845,845,845,845,845,845,845,845,845,845,845,845,845,845,845,845,845,845,845,845,845,845,845,845,845,845,845,845,845,845,845,845,845,845,845,845,845,845,845,845,845,845,845,845,845,845,845,845,845,845,845,845,845,845,845,845,845,845,845,845,845,845,845,845,845,845,845,845,845,845,845,845,845,845,845,845,845,845,845,845,845
2,21,510,510,510,510,510,510,510,510,510,510,510,510,510,510,510,510,510,510,510,510,510,510,510,510,510,510,510,510,510,510,510,510,510,510,510,510,510,510,510,510,510,510,510,510,510,510,510,510,510,510,510,510,510,510,510,510,510,510,510,510,510,510,510,510,510,510,510,510,510,510,510,510,510,510,510,510,510,510,510,510,510,510,510,510
2,22,344,344,344,344,344,344,344,344,344,344,344,344,344,344,344,344,344,344,344,344,344,344,344,344,344,344,344,344,344,344,344,344,344,344,344,344,344,344,344,344,344,344,344,344,344,344,344,344,344,344,344,344,344,344,344,344,344,344,344,344,344,344,344,344,344,344,344,344,344,344,344,344,344,344,344,344,344,344,344,344,344,344,344,344
2,23,169,169,169,169,169,169,169,169,169,169,169,169,169,169,169,169,169,169,169,169,169,169,169,169,169,169,169,169,169,169,169,169,169,169,169,169,169,169,169,169,169,169,169,169,169,169,169,169,169,169,169,169,169,169,169,169,169,169,169,169,169,169,169,169,169,169,169,169,169,169,169,169,169,169,169,169,169,169,169,169,169,169,169,169
3,0,95,95,95,95,95,95,95,95,95,95,95,95,95,95,95,95,95,95,95,95,95,95,95,95,95,95,95,95,95,95,95,95,95,95,95,95,95,95,95,95,95,95,95,95,95,95,95,95,95,95,95,95,95,95,95,95,95,95,95,95,95,95,95,95,95,95,95,95,95,95,95,95,95,95,95,95,95,95,95,95,95,95,95,95
3,1,44,44,44,44,44,44,44,44,44,44,44,44,44,44,44,44,44,44,44,44,44,44,44,44,44,44,44,44,44,44,44,44,44,44,44,44,44,44,44,44,44,44,44,44,44,44,44,44,44,44,44,44,44,44,44,44,44,44,44,44,44,44,44,44,44,44,44,44,44,44,44,44,44,44,44,44,44,44,44,44,44,44,44,44
3,2,35,35,35,35,35,35,35,35,35,35,35,35,35,35,35,35,35,35,35,35,35,35,35,35,35,35,35,35,35,35,35,35,35,35,35,35,35,35,35,35,35,35,35,35,35,35,35,35,35,35,35,35,35,35,35,35,35,35,35,35,35,35,35,35,35,35,35,35,35,35,35,35,35,35,35,35,35,35,35,35,35,35,35,35
3,3,23,23,23,23,23,23,23,23,23,23,23,23,23,23,23,23,23,23,23,23,23,23,23,23,23,23,23,23,23,23,23,23,23,23,23,23,23,23,23,23,23,23,23,23,23,23,23,23,23,23,23,23,23,23,23,23,23,23,23,23,23,23,23,23,23,23,23,23,23,23,23,23,23,23,23,23,23,23,23,23,23,23,23,23
3,4,40,40,40,40,40,40,40,40,40,40,40,40,40,40,40,40,40,40,40,40,40,40,40,40,40,40,40,40,40,40,40,40,40,40,40,40,40,40,40,40,40,40,40,40,40,40,40,40,40,40,40,40,40,40,40,40,40,40,40,40,40,40,40,40,40,40,40,40,40,40,40,40,40,40,40,40,40,40,40,40,40,40,40,40
3,5,111,111,111,111,111,111,111,111,111,111,111,111,111,111,111,111,111,111,111,111,111,111,111,111,111,111,111,111,111,111,111,111,111,111,111,111,111,111,111,111,111,111,111,111,111,111,111,111,111,111,111,111,111,111,111,111,111,111,111,111,111,111,111,111,111,111,111,111,111,111,111,111,111,111,111,111,111,111,111,111,111,111,111,111
3,6,429,429,429,429,429,429,429,429,429,429,429,429,429,429,429,429,429,429,429,429,429,429,429,429,429,429,429,429,429,429,429,429,429,429,429,429,429,429,429,429,429,429,429,429,429,429,429,429,429,429,429,429,429,429,429,429,429,429,429,429,429,429,429,429,429,429,429,429,429,429,429,429,429,429,429,429,429,429,429,429,429,429,429,429
3,7,994,994,994,994,994,994,994,994,994,994,994,994,994,994,994,994,994,994,994,994,994,994,994,994,994,994,994,994,994,994,994,994,994,994,994,994,994,994,994,994,994,994,994,994,994,994,994,994,994,994,994,994,994,994,994,994,994,994,994,994,994,994,994,994,994,994,994,994,994,994,994,994,994,994,994,994,994,994,994,994,994,994,994,994
3,8,1318,1318,1318,1318,1318,1318,1318,1318,1318,1318,1318,1318,1318,1318,1318,1318,1318,1318,1318,1318,1318,1318,1318,1318,1318,1318,1318,1318,1318,1318,1318,1318,1318,1318,1318,1318,1318,1318,1318,1318,1318,1318,1318,1318,1318,1318,1318,1318,1318,1318,1318,1318,1318,1318,1318,1318,1318,1318,1318,1318,1318,1318,1318,1318,1318,1318,1318,1318,1318,1318,1318,1318,1318,1318,1318,1318,1318,1318,1318,1318,1318,1318,1318,1318
3,9,769,769,769,769,769,769,769,769,769,769,769,769,769,769,769,769,769,769,769,769,769,769,769,769,769,769,769,769,769,769,769,769,769,769,769,769,769,769,769,769,769,769,769,769,769,769,769,769,769,769,769,769,769,769,769,769,769,769,769,769,769,769,769,769,769,769,769,769,769,769,769,769,769,769,769,769,769,769,769,769,769,769,769,769
3,10,465,465,465,465,465,465,465,465,465,465,465,465,465,465,465,465,465,465,465,465,465,465,465,465,465,465,465,465,465,465,465,465,465,465,465,465,465,465,465,465,465,465,465,465,465,465,465,465,465,465,465,465,465,465,465,465,465,465,465,465,465,465,465,465,465,465,465,465,465,465,465,465,465,465,465,465,465,465,465,465,465,465,465,465
3,11,464,464,464,464,464,464,464,464,464,464,464,464,464,464,464,464,464,464,464,464,464,464,464,464,464,464,464,464,464,464,464,464,464,464,464,464,464,464,464,464,464,464,464,464,464,464,464,464,464,464,464,464,464,464,464,464,464,464,464,464,464,464,464,464,464,464,464,464,464,464,464,464,464,464,464,464,464,464,464,464,464,464,464,464
3,12,581,581,581,581,581,581,581,581,581,581,581,581,581,581,581,581,581,581,581,581,581,581,581,581,581,581,581,581,581,581,581,581,581,581,581,581,581,581,581,581,581,581,581,581,581,581,581,581,581,581,581,581,581,581,581,581,581,581,581,581,581,581,581,581,581,581,581,581,581,581,581,581,581,581,581,581,581,581,581,581,581,581,581,581
3,13,581,581,581,581,581,581,581,581,581,581,581,581,581,581,581,581,581,581,581,581,581,581,581,581,581,581,581,581,581,581,581,581,581,581,581,581,581,581,581,581,581,581,581,581,581,581,581,581,581,581,581,581,581,581,581,581,581,581,581,581,581,581,581,581,581,581,581,581,581,581,581,581,581,581,581,581,581,581,581,581,581,581,581,581
3,14,541,541,541,541,541,541,541,541,541,541,541,541,541,541,541,541,541,541,541,541,541,541,541,541,541,541,541,541,541,541,541,541,541,541,541,541,541,541,541,541,541,541,541,541,541,541,541,541,541,541,541,541,541,541,541,541,541,541,541,541,541,541,541,541,541,541,541,541,541,541,541,541,541,541,541,541,541,541,541,541,541,541,541,541
3,15,616,616,616,616,616,616,616,616,616,616,616,616,616,616,616,616,616,616,616,616,616,616,616,616,616,616,616,616,616,616,616,616,616,616,616,616,616,616,616,616,616,616,616,616,616,616,616,616,616,616,616,616,616,616,616,616,616,616,616,616,616,616,616,616,616,616,616,616,616,616,616,616,616,616,616,616,616,616,616,616,616,616,616,616
3,16,771,771,771,771,771,771,771,771,771,771,771,771,771,771,771,771,771,771,771,771,771,771,771,771,771,771,771,771,771,771,771,771,771,771,771,771,771,771,771,771,771,771,771,771,771,771,771,771,771,771,771,771,771,771,771,771,771,771,771,771,771,771,771,771,771,771,771,771,771,771,771,771,771,771,771,771,771,771,771,771,771,771,771,771
3,17,1354,1354,1354,1354,1354,1354,1354,1354,1354,1354,1354,1354,1354,1354,1354,1354,1354,1354,1354,1354,1354,1354,1354,1354,1354,1354,1354,1354,1354,1354,1354,1354,1354,1354,1354,1354,1354,1354,1354,1354,1354,1354,1354,1354,1354,1354,1354,1354,1354,1354,1354,1354,1354,1354,1354,1354,1354,1354,1354,1354,1354,1354,1354,1354,1354,1354,1354,1354,1354,1354,1354,1354,1354,1354,1354,1354,1354,1354,1354,1354,1354,1354,1354,1354
3,18,1842,1842,1842,1842,1842,1842,1842,1842,1842,1842,1842,1842,1842,1842,1842,1842,1842,1842,1842,1842,1842,1842,1842,1842,1842,1842,1842,1842,1842,1842,1842,1842,1842,1842,1842,1842,1842,1842,1842,1842,1842,1842,1842,1842,1842,1842,1842,1842,1842,1842,1842,1842,1842,1842,1842,1842,1842,1842,1842,1842,1842,1842,1842,1842,1842,1842,1842,1842,1842,1842,1842,1842,1842,1842,1842,1842,1842,1842,1842,1842,1842,1842,1842,1842
3,19,1496,1496,1496,1496,1496,1496,1496,1496,1496,1496,1496,1496,1496,1496,1496,1496,1496,1496,1496,1496,1496,1496,1496,1496,1496,1496,1496,1496,1496,1496,1496,1496,1496,1496,1496,1496,1496,1496,1496,1496,1496,1496,1496,1496,1496,1496,1496,1496,1496,1496,1496,1496,1496,1496,1496,1496,1496,1496,1496,1496,1496,1496,1496,1496,1496,1496,1496,1496,1496,1496,1496,1496,1496,1496,1496,1496,1496,1496,1496,1496,1496,1496,1496,1496
3,20,964,964,964,964,964,964,964,964,964,964,964,964,964,964,964,964,964,964,964,964,964,964,964,964,964,964,964,964,964,964,964,964,964,964,964,964,964,964,964,964,964,964,964,964,964,964,964,964,964,964,964,964,964,964,964,964,964,964,964,964,964,964,964,964,964,964,964,964,964,964,964,964,964,964,964,964,964,964,964,964,964,964,964,964
3,21,569,569,569,569,569,569,569,569,569,569,569,569,569,569,569,569,569,569,569,569,569,569,569,569,569,569,569,569,569,569,569,569,569,569,569,569,569,569,569,569,569,569,569,569,569,569,569,569,569,569,569,569,569,569,569,569,569,569,569,569,569,569,569,569,569,569,569,569,569,569,569,569,569,569,569,569,569,569,569,569,569,569,569,569
3,22,395,395,395,395,395,395,395,395,395,395,395,395,395,395,395,395,395,395,395,395,395,395,395,395,395,395,395,395,395,395,395,395,395,395,395,395,395,395,395,395,395,395,395,395,395,395,395,395,395,395,395,395,395,395,395,395,395,395,395,395,395,395,395,395,395,395,395,395,395,395,395,395,395,395,395,395,395,395,395,395,395,395,395,395
3,23,205,205,205,205,205,205,205,205,205,205,205,205,205,205,205,205,205,205,205,205,205,205,205,205,205,205,205,205,205,205,205,205,205,205,205,205,205,205,205,205,205,205,205,205,205,205,205,205,205,205,205,205,205,205,205,205,205,205,205,205,205,205,205,205,205,205,205,205,205,205,205,205,205,205,205,205,205,205,205,205,205,205,205,205
4,0,112,112,112,112,112,112,112,112,112,112,112,112,112,112,112,112,112,112,112,112,112,112,112,112,112,112,112,112,112,112,112,112,112,112,112,112,112,112,112,112,112,112,112,112,112,112,112,112,112,112,112,112,112,112,112,112,112,112,112,112,112,112,112,112,112,112,112,112,112,112,112,112,112,112,112,112,112,112,112,112,112,112,112,112
4,1,47,47,47,47,47,47,47,47,47,47,47,47,47,47,47,47,47,47,47,47,47,47,47,47,47,47,47,47,47,47,47,47,47,47,47,47,47,47,47,47,47,47,47,47,47,47,47,47,47,47,47,47,47,47,47,47,47,47,47,47,47,47,47,47,47,47,47,47,47,47,47,47,47,47,47,47,47,47,47,47,47,47,47,47
4,2,29,29,29,29,29,29,29,29,29,29,29,29,29,29,29,29,29,29,29,29,29,29,29,29,29,29,29,29,29,29,29,29,29,29,29,29,29,29,29,29,29,29,29,29,29,29,29,29,29,29,29,29,29,29,29,29,29,29,29,29,29,29,29,29,29,29,29,29,29,29,29,29,29,29,29,29,29,29,29,29,29,29,29,29
4,3,12,12,12,12,12,12,12,12,12,12,12,12,12,12,12,12,12,12,12,12,12,12,12,12,12,12,12,12,12,12,12,12,12,12,12,12,12,12,12,12,12,12,12,12,12,12,12,12,12,12,12,12,12,12,12,12,12,12,12,12,12,12,12,12,12,12,12,12,12,12,12,12,12,12,12,12,12,12,12,12,12,12,12,12
4,4,29,29,29,29,29,29,29,29,29,29,29,29,29,29,29,29,29,29,29,29,29,29,29,29,29,29,29,29,29,29,29,29,29,29,29,29,29,29,29,29,29,29,29,29,29,29,29,29,29,29,29,29,29,29,29,29,29,29,29,29,29,29,29,29,29,29,29,29,29,29,29,29,29,29,29,29,29,29,29,29,29,29,29,29
4,5,105,105,105,105,105,105,105,105,105,105,105,105,105,105,105,105,105,105,105,105,105,105,105,105,105,105,105,105,105,105,105,105,105,105,105,105,105,105,105,105,105,105,105,105,105,105,105,105,105,105,105,105,105,105,105,105,105,105,105,105,105,105,105,105,105,105,105,105,105,105,105,105,105,105,105,105,105,105,105,105,105,105,105,105
4,6,407,407,407,407,407,407,407,407,407,407,407,407,407,407,407,407,407,407,407,407,407,407,407,407,407,407,407,407,407,407,407,407,407,407,407,407,407,407,407,407,407,407,407,407,407,407,407,407,407,407,407,407,407,407,407,407,407,407,407,407,407,407,407,407,407,407,407,407,407,407,407,407,407,407,407,407,407,407,407,407,407,407,407,407
4,7,962,962,962,962,962,962,962,962,962,962,962,962,962,962,962,962,962,962,962,962,962,962,962,962,962,962,962,962,962,962,962,962,962,962,962,962,962,962,962,962,962,962,962,962,962,962,962,962,962,962,962,962,962,962,962,962,962,962,962,962,962,962,962,962,962,962,962,962,962,962,962,962,962,962,962,962,962,962,962,962,962,962,962,962
4,8,1367,1367,1367,1367,1367,1367,1367,1367,1367,1367,1367,1367,1367,1367,1367,1367,1367,1367,1367,1367,1367,1367,1367,1367,1367,1367,1367,1367,1367,1367,1367,1367,1367,1367,1367,1367,1367,1367,1367,1367,1367,1367,1367,1367,1367,1367,1367,1367,1367,1367,1367,1367,1367,1367,1367,1367,1367,1367,1367,1367,1367,1367,1367,1367,1367,1367,1367,1367,1367,1367,1367,1367,1367,1367,1367,1367,1367,1367,1367,1367,1367,1367,1367,1367
4,9,796,796,796,796,796,796,796,796,796,796,796,796,796,796,796,796,796,796,796,796,796,796,796,796,796,796,796,796,796,796,796,796,796,796,796,796,796,796,796,796,796,796,796,796,796,796,796,796,796,796,796,796,796,796,796,796,796,796,796,796,796,796,796,796,796,796,796,796,796,796,796,796,796,796,796,796,796,796,796,796,796,796,796,796
4,10,456,456,456,456,456,456,456,456,456,456,456,456,456,456,456,456,456,456,456,456,456,456,456,456,456,456,456,456,456,456,456,456,456,456,456,456,456,456,456,456,456,456,456,456,456,456,456,456,456,456,456,456,456,456,456,456,456,456,456,456,456,456,456,456,456,456,456,456,456,456,456,456,456,456,456,456,456,456,456,456,456,456,456,456
4,11,468,468,468,468,468,468,468,468,468,468,468,468,468,468,468,468,468,468,468,468,468,468,468,468,468,468,468,468,468,468,468,468,468,468,468,468,468,468,468,468,468,468,468,468,468,468,468,468,468,468,468,468,468,468,468,468,468,468,468,468,468,468,468,468,468,468,468,468,468,468,468,468,468,468,468,468,468,468,468,468,468,468,468,468
4,12,639,639,639,639,639,639,639,639,639,639,639,639,639,639,639,639,639,639,639,639,639,639,639,639,639,639,639,639,639,639,639,639,639,639,639,639,639,639,639,639,639,639,639,639,639,639,639,639,639,639,639,639,639,639,639,639,639,639,639,639,639,639,639,639,639,639,639,639,639,639,639,639,639,639,639,639,639,639,639,639,639,639,639,639
4,13,638,638,638,638,638,638,638,638,638,638,638,638,638,638,638,638,638,638,638,638,638,638,638,638,638,638,638,638,638,638,638,638,638,638,638,638,638,638,638,638,638,638,638,638,638,638,638,638,638,638,638,638,638,638,638,638,638,638,638,638,638,638,638,638,638,638,638,638,638,638,638,638,638,638,638,638,638,638,638,638,638,638,638,638
4,14,536,536,536,536,536,536,536,536,536,536,536,536,536,536,536,536,536,536,536,536,536,536,536,536,536,536,536,536,536,536,536,536,536,536,536,536,536,536,536,536,536,536,536,536,536,536,536,536,536,536,536,536,536,536,536,536,536,536,536,536,536,536,536,536,536,536,536,536,536,536,536,536,536,536,536,536,536,536,536,536,536,536,536,536
4,15,645,645,645,645,645,645,645,645,645,645,645,645,645,645,645,645,645,645,645,645,645,645,645,645,645,645,645,645,645,645,645,645,645,645,645,645,645,645,645,645,645,645,645,645,645,645,645,645,645,645,645,645,645,645,645,645,645,645,645,645,645,645,645,645,645,645,645,645,645,645,645,645,645,645,645,645,645,645,645,645,645,645,645,645
4,16,805,805,805,805,805,805,805,805,805,805,805,805,805,805,805,805,805,805,805,805,805,805,805,805,805,805,805,805,805,805,805,805,805,805,805,805,805,805,805,805,805,805,805,805,805,805,805,805,805,805,805,805,805,805,805,805,805,805,805,805,805,805,805,805,805,805,805,805,805,805,805,805,805,805,805,805,805,805,805,805,805,805,805,805
4,17,1361,1361,1361,1361,1361,1361,1361,1361,1361,1361,1361,1361,1361,1361,1361,1361,1361,1361,1361,1361,1361,1361,1361,1361,1361,1361,1361,1361,1361,1361,1361,1361,1361,1361,1361,1361,1361,1361,1361,1361,1361,1361,1361,1361,1361,1361,1361,1361,1361,1361,1361,1361,1361,1361,1361,1361,1361,1361,1361,1361,1361,1361,1361,1361,1361,1361,1361,1361,1361,1361,1361,1361,1361,1361,1361,1361,1361,1361,1361,1361,1361,1361,1361,1361
4,18,1651,1651,1651,1651,1651,1651,1651,1651,1651,1651,1651,1651,1651,1651,1651,1651,1651,1651,1651,1651,1651,1651,1651,1651,1651,1651,1651,1651,1651,1651,1651,1651,1651,1651,1651,1651,1651,1651,1651,1651,1651,1651,1651,1651,1651,1651,1651,1651,1651,1651,1651,1651,1651,1651,1651,1651,1651,1651,1651,1651,1651,1651,1651,1651,1651,1651,1651,1651,1651,1651,1651,1651,1651,1651,1651,1651,1651,1651,1651,1651,1651,1651,1651,1651
4,19,1217,1217,1217,1217,1217,1217,1217,1217,1217,1217,1217,1217,1217,1217,1217,1217,1217,1217,1217,1217,1217,1217,1217,1217,1217,1217,1217,1217,1217,1217,1217,1217,1217,1217,1217,1217,1217,1217,1217,1217,1217,1217,1217,1217,1217,1217,1217,1217,1217,1217,1217,1217,1217,1217,1217,1217,1217,1217,1217,1217,1217,1217,1217,1217,1217,1217,1217,1217,1217,1217,1217,1217,1217,1217,1217,1217,1217,1217,1217,1217,1217,1217,1217,1217
4,20,682,682,682,682,682,682,682,682,682,682,682,682,682,682,682,682,682,682,682,682,682,682,682,682,682,682,682,682,682,682,682,682,682,682,682,682,682,682,682,682,682,682,682,682,682,682,682,682,682,682,682,682,682,682,682,682,682,682,682,682,682,682,682,682,682,682,682,682,682,682,682,682,682,682,682,682,682,682,682,682,682,682,682,682
4,21,412,412,412,412,412,412,412,412,412,412,412,412,412,412,412,412,412,412,412,412,412,412,412,412,412,412,412,412,412,412,412,412,412,412,412,412,412,412,412,412,412,412,412,412,412,412,412,412,412,412,412,412,412,412,412,412,412,412,412,412,412,412,412,412,412,412,412,412,412,412,412,412,412,412,412,412,412,412,412,412,412,412,412,412
4,22,331,331,331,331,331,331,331,331,331,331,331,331,331,331,331,331,331,331,331,331,331,331,331,331,331,331,331,331,331,331,331,331,331,331,331,331,331,331,331,331,331,331,331,331,331,331,331,331,331,331,331,331,331,331,331,331,331,331,331,331,331,331,331,331,331,331,331,331,331,331,331,331,331,331,331,331,331,331,331,331,331,331,331,331
4,23,211,211,211,211,211,211,211,211,211,211,211,211,211,211,211,211,211,211,211,211,211,211,211,211,211,211,211,211,211,211,211,211,211,211,211,211,211,211,211,211,211,211,211,211,211,211,211,211,211,211,211,211,211,211,211,211,211,211,211,211,211,211,211,211,211,211,211,211,211,211,211,211,211,211,211,211,211,211,211,211,211,211,211,211
5,0,144,144,144,144,144,144,144,144,144,144,144,144,144,144,144,144,144,144,144,144,144,144,144,144,144,144,144,144,144,144,144,144,144,144,144,144,144,144,144,144,144,144,144,144,144,144,144,144,144,144,144,144,144,144,144,144,144,144,144,144,144,144,144,144,144,144,144,144,144,144,144,144,144,144,144,144,144,144,144,144,144,144,144,144
5,1,31,31,31,31,31,31,31,31,31,31,31,31,31,31,31,31,31,31,31,31,31,31,31,31,31,31,31,31,31,31,31,31,31,31,31,31,31,31,31,31,31,31,31,31,31,31,31,31,31,31,31,31,31,31,31,31,31,31,31,31,31,31,31,31,31,31,31,31,31,31,31,31,31,31,31,31,31,31,31,31,31,31,31,31
5,2,38,38,38,38,38,38,38,38,38,38,38,38,38,38,38,38,38,38,38,38,38,38,38,38,38,38,38,38,38,38,38,38,38,38,38,38,38,38,38,38,38,38,38,38,38,38,38,38,38,38,38,38,38,38,38,38,38,38,38,38,38,38,38,38,38,38,38,38,38,38,38,38,38,38,38,38,38,38,38,38,38,38,38,38
5,3,23,23,23,23,23,23,23,23,23,23,23,23,23,23,23,23,23,23,23,23,23,23,23,23,23,23,23,23,23,23,23,23,23,23,23,23,23,23,23,23,23,23,23,23,23,23,23,23,23,23,23,23,23,23,23,23,23,23,23,23,23,23,23,23,23,23,23,23,23,23,23,23,23,23,23,23,23,23,23,23,23,23,23,23
5,4,23,23,23,23,23,23,23,23,23,23,23,23,23,23,23,23,23,23,23,23,23,23,23,23,23,23,23,23,23,23,23,23,23,23,23,23,23,23,23,23,23,23,23,23,23,23,23,23,23,23,23,23,23,23,23,23,23,23,23,23,23,23,23,23,23,23,23,23,23,23,23,23,23,23,23,23,23,23,23,23,23,23,23,23
5,5,122,122,122,122,122,122,122,122,122,122,122,122,122,122,122,122,122,122,122,122,122,122,122,122,122,122,122,122,122,122,122,122,122,122,122,122,122,122,122,122,122,122,122,122,122,122,122,122,122,122,122,122,122,122,122,122,122,122,122,122,122,122,122,122,122,122,122,122,122,122,122,122,122,122,122,122,122,122,122,122,122,122,122,122
5,6,366,366,366,366,366,366,366,366,366,366,366,366,366,366,366,366,366,366,366,366,366,366,366,366,366,366,366,366,366,366,366,366,366,366,366,366,366,366,366,366,366,366,366,366,366,366,366,366,366,366,366,366,366,366,366,366,366,366,366,366,366,366,366,366,366,366,366,366,366,366,366,366,366,366,366,366,366,366,366,366,366,366,366,366
5,7,857,857,857,857,857,857,857,857,857,857,857,857,857,857,857,857,857,857,857,857,857,857,857,857,857,857,857,857,857,857,857,857,857,857,857,857,857,857,857,857,857,857,857,857,857,857,857,857,857,857,857,857,857,857,857,857,857,857,857,857,857,857,857,857,857,857,857,857,857,857,857,857,857,857,857,857,857,857,857,857,857,857,857,857
5,8,1225,1225,1225,1225,1225,1225,1225,1225,1225,1225,1225,1225,1225,1225,1225,1225,1225,1225,1225,1225,1225,1225,1225,1225,1225,1225,1225,1225,1225,1225,1225,1225,1225,1225,1225,1225,1225,1225,1225,1225,1225,1225,1225,1225,1225,1225,1225,1225,1225,1225,1225,1225,1225,1225,1225,1225,1225,1225,1225,1225,1225,1225,1225,1225,1225,1225,1225,1225,1225,1225,1225,1225,1225,1225,1225,1225,1225,1225,1225,1225,1225,1225,1225,1225
5,9,782,782,782,782,782,782,782,782,782,782,782,782,782,782,782,782,782,782,782,782,782,782,782,782,782,782,782,782,782,782,782,782,782,782,782,782,782,782,782,782,782,782,782,782,782,782,782,782,782,782,782,782,782,782,782,782,782,782,782,782,782,782,782,782,782,782,782,782,782,782,782,782,782,782,782,782,782,782,782,782,782,782,782,782
5,10,469,469,469,469,469,469,469,469,469,469,469,469,469,469,469,469,469,469,469,469,469,469,469,469,469,469,469,469,469,469,469,469,469,469,469,469,469,469,469,469,469,469,469,469,469,469,469,469,469,469,469,469,469,469,469,469,469,469,469,469,469,469,469,469,469,469,469,469,469,469,469,469,469,469,469,469,469,469,469,469,469,469,469,469
5,11,541,541,541,541,541,541,541,541,541,541,541,541,541,541,541,541,541,541,541,541,541,541,541,541,541,541,541,541,541,541,541,541,541,541,541,541,541,541,541,541,541,541,541,541,541,541,541,541,541,541,541,541,541,541,541,541,541,541,541,541,541,541,541,541,541,541,541,541,541,541,541,541,541,541,541,541,541,541,541,541,541,541,541,541
5,12,656,656,656,656,656,656,656,656,656,656,656,656,656,656,656,656,656,656,656,656,656,656,656,656,656,656,656,656,656,656,656,656,656,656,656,656,656,656,656,656,656,656,656,656,656,656,656,656,656,656,656,656,656,656,656,656,656,656,656,656,656,656,656,656,656,656,656,656,656,656,656,656,656,656,656,656,656,656,656,656,656,656,656,656
5,13,729,729,729,729,729,729,729,729,729,729,729,729,729,729,729,729,729,729,729,729,729,729,729,729,729,729,729,729,729,729,729,729,729,729,729,729,729,729,729,729,729,729,729,729,729,729,729,729,729,729,729,729,729,729,729,729,729,729,729,729,729,729,729,729,729,729,729,729,729,729,729,729,729,729,729,729,729,729,729,729,729,729,729,729
5,14,707,707,707,707,707,707,707,707,707,707,707,707,707,707,707,707,707,707,707,707,707,707,707,707,707,707,707,707,707,707,707,707,707,707,707,707,707,707,707,707,707,707,707,707,707,707,707,707,707,707,707,707,707,707,707,707,707,707,707,707,707,707,707,707,707,707,707,707,707,707,707,707,707,707,707,707,707,707,707,707,707,707,707,707
5,15,755,755,755,755,755,755,755,755,755,755,755,755,755,755,755,755,755,755,755,755,755,755,755,755,755,755,755,755,755,755,755,755,755,755,755,755,755,755,755,755,755,755,755,755,755,755,755,755,755,755,755,755,755,755,755,755,755,755,755,755,755,755,755,755,755,755,755,755,755,755,755,755,755,755,755,755,755,755,755,755,755,755,755,755
5,16,912,912,912,912,912,912,912,912,912,912,912,912,912,912,912,912,912,912,912,912,912,912,912,912,912,912,912,912,912,912,912,912,912,912,912,912,912,912,912,912,912,912,912,912,912,912,912,912,912,912,912,912,912,912,912,912,912,912,912,912,912,912,912,912,912,912,912,912,912,912,912,912,912,912,912,912,912,912,912,912,912,912,912,912
5,17,1367,1367,1367,1367,1367,1367,1367,1367,1367,1367,1367,1367,1367,1367,1367,1367,1367,1367,1367,1367,1367,1367,1367,1367,1367,1367,1367,1367,1367,1367,1367,1367,1367,1367,1367,1367,1367,1367,1367,1367,1367,1367,1367,1367,1367,1367,1367,1367,1367,1367,1367,1367,1367,1367,1367,1367,1367,1367,1367,1367,1367,1367,1367,1367,1367,1367,1367,1367,1367,1367,1367,1367,1367,1367,1367,1367,1367,1367,1367,1367,1367,1367,1367,1367
5,18,1647,1647,1647,1647,1647,1647,1647,1647,1647,1647,1647,1647,1647,1647,1647,1647,1647,1647,1647,1647,1647,1647,1647,1647,1647,1647,1647,1647,1647,1647,1647,1647,1647,1647,1647,1647,1647,1647,1647,1647,1647,1647,1647,1647,1647,1647,1647,1647,1647,1647,1647,1647,1647,1647,1647,1647,1647,1647,1647,1647,1647,1647,1647,1647,1647,1647,1647,1647,1647,1647,1647,1647,1647,1647,1647,1647,1647,1647,1647,1647,1647,1647,1647,1647
5,19,1333,1333,1333,1333,1333,1333,1333,1333,1333,1333,1333,1333,1333,1333,1333,1333,1333,1333,1333,1333,1333,1333,1333,1333,1333,1333,1333,1333,1333,1333,1333,1333,1333,1333,1333,1333,1333,1333,1333,1333,1333,1333,1333,1333,1333,1333,1333,1333,1333,1333,1333,1333,1333,1333,1333,1333,1333,1333,1333,1333,1333,1333,1333,1333,1333,1333,1333,1333,1333,1333,1333,1333,1333,1333,1333,1333,1333,1333,1333,1333,1333,1333,1333,1333
5,20,892,892,892,892,892,892,892,892,892,892,892,892,892,892,892,892,892,892,892,892,892,892,892,892,892,892,892,892,892,892,892,892,892,892,892,892,892,892,892,892,892,892,892,892,892,892,892,892,892,892,892,892,892,892,892,892,892,892,892,892,892,892,892,892,892,892,892,892,892,892,892,892,892,892,892,892,892,892,892,892,892,892,892,892
5,21,569,569,569,569,569,569,569,569,569,569,569,569,569,569,569,569,569,569,569,569,569,569,569,569,569,569,569,569,569,569,569,569,569,569,569,569,569,569,569,569,569,569,569,569,569,569,569,569,569,569,569,569,569,569,569,569,569,569,569,569,569,569,569,569,569,569,569,569,569,569,569,569,569,569,569,569,569,569,569,569,569,569,569,569
5,22,475,475,475,475,475,475,475,475,475,475,475,475,475,475,475,475,475,475,475,475,475,475,475,475,475,475,475,475,475,475,475,475,475,475,475,475,475,475,475,475,475,475,475,475,475,475,475,475,475,475,475,475,475,475,475,475,475,475,475,475,475,475,475,475,475,475,475,475,475,475,475,475,475,475,475,475,475,475,475,475,475,475,475,475
5,23,332,332,332,332,332,332,332,332,332,332,332,332,332,332,332,332,332,332,332,332,332,332,332,332,332,332,332,332,332,332,332,332,332,332,332,332,332,332,332,332,332,332,332,332,332,332,332,332,332,332,332,332,332,332,332,332,332,332,332,332,332,332,332,332,332,332,332,332,332,332,332,332,332,332,332,332,332,332,332,332,332,332,332,332
6,0,267,267,267,267,267,267,267,267,267,267,267,267,267,267,267,267,267,267,267,267,267,267,267,267,267,267,267,267,267,267,267,267,267,267,267,267,267,267,267,267,267,267,267,267,267,267,267,267,267,267,267,267,267,267,267,267,267,267,267,267,267,267,267,267,267,267,267,267,267,267,267,267,267,267,267,267,267,267,267,267,267,267,267,267
6,1,136,136,136,136,136,136,136,136,136,136,136,136,136,136,136,136,136,136,136,136,136,136,136,136,136,136,136,136,136,136,136,136,136,136,136,136,136,136,136,136,136,136,136,136,136,136,136,136,136,136,136,136,136,136,136,136,136,136,136,136,136,136,136,136,136,136,136,136,136,136,136,136,136,136,136,136,136,136,136,136,136,136,136,136
6,2,74,74,74,74,74,74,74,74,74,74,74,74,74,74,74,74,74,74,74,74,74,74,74,74,74,74,74,74,74,74,74,74,74,74,74,74,74,74,74,74,74,74,74,74,74,74,74,74,74,74,74,74,74,74,74,74,74,74,74,74,74,74,74,74,74,74,74,74,74,74,74,74,74,74,74,74,74,74,74,74,74,74,74,74
6,3,27,27,27,27,27,27,27,27,27,27,27,27,27,27,27,27,27,27,27,27,27,27,27,27,27,27,27,27,27,27,27,27,27,27,27,27,27,27,27,27,27,27,27,27,27,27,27,27,27,27,27,27,27,27,27,27,27,27,27,27,27,27,27,27,27,27,27,27,27,27,27,27,27,27,27,27,27,27,27,27,27,27,27,27
6,4,23,23,23,23,23,23,23,23,23,23,23,23,23,23,23,23,23,23,23,23,23,23,23,23,23,23,23,23,23,23,23,23,23,23,23,23,23,23,23,23,23,23,23,23,23,23,23,23,23,23,23,23,23,23,23,23,23,23,23,23,23,23,23,23,23,23,23,23,23,23,23,23,23,23,23,23,23,23,23,23,23,23,23,23
6,5,50,50,50,50,50,50,50,50,50,50,50,50,50,50,50,50,50,50,50,50,50,50,50,50,50,50,50,50,50,50,50,50,50,50,50,50,50,50,50,50,50,50,50,50,50,50,50,50,50,50,50,50,50,50,50,50,50,50,50,50,50,50,50,50,50,50,50,50,50,50,50,50,50,50,50,50,50,50,50,50,50,50,50,50
6,6,80,80,80,80,80,80,80,80,80,80,80,80,80,80,80,80,80,80,80,80,80,80,80,80,80,80,80,80,80,80,80,80,80,80,80,80,80,80,80,80,80,80,80,80,80,80,80,80,80,80,80,80,80,80,80,80,80,80,80,80,80,80,80,80,80,80,80,80,80,80,80,80,80,80,80,80,80,80,80,80,80,80,80,80
6,7,250,250,250,250,250,250,250,250,250,250,250,250,250,250,250,250,250,250,250,250,250,250,250,250,250,250,250,250,250,250,250,250,250,250,250,250,250,250,250,250,250,250,250,250,250,250,250,250,250,250,250,250,250,250,250,250,250,250,250,250,250,250,250,250,250,250,250,250,250,250,250,250,250,250,250,250,250,250,250,250,250,250,250,250
6,8,420,420,420,420,420,420,420,420,420,420,420,420,420,420,420,420,420,420,420,420,420,420,420,420,420,420,420,420,420,420,420,420,420,420,420,420,420,420,420,420,420,420,420,420,420,420,420,420,420,420,420,420,420,420,420,420,420,420,420,420,420,420,420,420,420,420,420,420,420,420,420,420,420,420,420,420,420,420,420,420,420,420,420,420
6,9,697,697,697,697,697,697,697,697,697,697,697,697,697,697,697,697,697,697,697,697,697,697,697,697,697,697,697,697,697,697,697,697,697,697,697,697,697,697,697,697,697,697,697,697,697,697,697,697,697,697,697,697,697,697,697,697,697,697,697,697,697,697,697,697,697,697,697,697,697,697,697,697,697,697,697,697,697,697,697,697,697,697,697,697
6,10,942,942,942,942,942,942,942,942,942,942,942,942,942,942,942,942,942,942,942,942,942,942,942,942,942,942,942,942,942,942,942,942,942,942,942,942,942,942,942,942,942,942,942,942,942,942,942,942,942,942,942,942,942,942,942,942,942,942,942,942,942,942,942,942,942,942,942,942,942,942,942,942,942,942,942,942,942,942,942,942,942,942,942,942
6,11,1057,1057,1057,1057,1057,1057,1057,1057,1057,1057,1057,1057,1057,1057,1057,1057,1057,1057,1057,1057,1057,1057,1057,1057,1057,1057,1057,1057,1057,1057,1057,1057,1057,1057,1057,1057,1057,1057,1057,1057,1057,1057,1057,1057,1057,1057,1057,1057,1057,1057,1057,1057,1057,1057,1057,1057,1057,1057,1057,1057,1057,1057,1057,1057,1057,1057,1057,1057,1057,1057,1057,1057,1057,1057,1057,1057,1057,1057,1057,1057,1057,1057,1057,1057
6,12,1189,1189,1189,1189,1189,1189,1189,1189,1189,1189,1189,1189,1189,1189,1189,1189,1189,1189,1189,1189,1189,1189,1189,1189,1189,1189,1189,1189,1189,1189,1189,1189,1189,1189,1189,1189,1189,1189,1189,1189,1189,1189,1189,1189,1189,1189,1189,1189,1189,1189,1189,1189,1189,1189,1189,1189,1189,1189,1189,1189,1189,1189,1189,1189,1189,1189,1189,1189,1189,1189,1189,1189,1189,1189,1189,1189,1189,1189,1189,1189,1189,1189,1189,1189
6,13,1152,1152,1152,1152,1152,1152,1152,1152,1152,1152,1152,1152,1152,1152,1152,1152,1152,1152,1152,1152,1152,1152,1152,1152,1152,1152,1152,1152,1152,1152,1152,1152,1152,1152,1152,1152,1152,1152,1152,1152,1152,1152,1152,1152,1152,1152,1152,1152,1152,1152,1152,1152,1152,1152,1152,1152,1152,1152,1152,1152,1152,1152,1152,1152,1152,1152,1152,1152,1152,1152,1152,1152,1152,1152,1152,1152,1152,1152,1152,1152,1152,1152,1152,1152
6,14,1178,1178,1178,1178,1178,1178,1178,1178,1178,1178,1178,1178,1178,1178,1178,1178,1178,1178,1178,1178,1178,1178,1178,1178,1178,1178,1178,1178,1178,1178,1178,1178,1178,1178,1178,1178,1178,1178,1178,1178,1178,1178,1178,1178,1178,1178,1178,1178,1178,1178,1178,1178,1178,1178,1178,1178,1178,1178,1178,1178,1178,1178,1178,1178,1178,1178,1178,1178,1178,1178,1178,1178,1178,1178,1178,1178,1178,1178,1178,1178,1178,1178,1178,1178
6,15,1283,1283,1283,1283,1283,1283,1283,1283,1283,1283,1283,1283,1283,1283,1283,1283,1283,1283,1283,1283,1283,1283,1283,1283,1283,1283,1283,1283,1283,1283,1283,1283,1283,1283,1283,1283,1283,1283,1283,1283,1283,1283,1283,1283,1283,1283,1283,1283,1283,1283,1283,1283,1283,1283,1283,1283,1283,1283,1283,1283,1283,1283,1283,1283,1283,1283,1283,1283,1283,1283,1283,1283,1283,1283,1283,1283,1283,1283,1283,1283,1283,1283,1283,1283
6,16,1294,1294,1294,1294,1294,1294,1294,1294,1294,1294,1294,1294,1294,1294,1294,1294,1294,1294,1294,1294,1294,1294,1294,1294,1294,1294,1294,1294,1294,1294,1294,1294,1294,1294,1294,1294,1294,1294,1294,1294,1294,1294,1294,1294,1294,1294,1294,1294,1294,1294,1294,1294,1294,1294,1294,1294,1294,1294,1294,1294,1294,1294,1294,1294,1294,1294,1294,1294,1294,1294,1294,1294,1294,1294,1294,1294,1294,1294,1294,1294,1294,1294,1294,1294
6,17,1351,1351,1351,1351,1351,1351,1351,1351,1351,1351,1351,1351,1351,1351,1351,1351,1351,1351,1351,1351,1351,1351,1351,1351,1351,1351,1351,1351,1351,1351,1351,1351,1351,1351,1351,1351,1351,1351,1351,1351,1351,1351,1351,1351,1351,1351,1351,1351,1351,1351,1351,1351,1351,1351,1351,1351,1351,1351,1351,1351,1351,1351,1351,1351,1351,1351,1351,1351,1351,1351,1351,1351,1351,1351,1351,1351,1351,1351,1351,1351,1351,1351,1351,1351
6,18,1427,1427,1427,1427,1427,1427,1427,1427,1427,1427,1427,1427,1427,1427,1427,1427,1427,1427,1427,1427,1427,1427,1427,1427,1427,1427,1427,1427,1427,1427,1427,1427,1427,1427,1427,1427,1427,1427,1427,1427,1427,1427,1427,1427,1427,1427,1427,1427,1427,1427,1427,1427,1427,1427,1427,1427,1427,1427,1427,1427,1427,1427,1427,1427,1427,1427,1427,1427,1427,1427,1427,1427,1427,1427,1427,1427,1427,1427,1427,1427,1427,1427,1427,1427
6,19,1213,1213,1213,1213,1213,1213,1213,1213,1213,1213,1213,1213,1213,1213,1213,1213,1213,1213,1213,1213,1213,1213,1213,1213,1213,1213,1213,1213,1213,1213,1213,1213,1213,1213,1213,1213,1213,1213,1213,1213,1213,1213,1213,1213,1213,1213,1213,1213,1213,1213,1213,1213,1213,1213,1213,1213,1213,1213,1213,1213,1213,1213,1213,1213,1213,1213,1213,1213,1213,1213,1213,1213,1213,1213,1213,1213,1213,1213,1213,1213,1213,1213,1213,1213
6,20,760,760,760,760,760,760,760,760,760,760,760,760,760,760,760,760,760,760,760,760,760,760,760,760,760,760,760,760,760,760,760,760,760,760,760,760,760,760,760,760,760,760,760,760,760,760,760,760,760,760,760,760,760,760,760,760,760,760,760,760,760,760,760,760,760,760,760,760,760,760,760,760,760,760,760,760,760,760,760,760,760,760,760,760
6,21,518,518,518,518,518,518,518,518,518,518,518,518,518,518,518,518,518,518,518,518,518,518,518,518,518,518,518,518,518,518,518,518,518,518,518,518,518,518,518,518,518,518,518,518,518,518,518,518,518,518,518,518,518,518,518,518,518,518,518,518,518,518,518,518,518,518,518,518,518,518,518,518,518,518,518,518,518,518,518,518,518,518,518,518
6,22,390,390,390,390,390,390,390,390,390,390,390,390,390,390,390,390,390,390,390,390,390,390,390,390,390,390,390,390,390,390,390,390,390,390,390,390,390,390,390,390,390,390,390,390,390,390,390,390,390,390,390,390,390,390,390,390,390,390,390,390,390,390,390,390,390,390,390,390,390,390,390,390,390,390,390,390,390,390,390,390,390,390,390,390
6,23,324,324,324,324,324,324,324,324,324,324,324,324,324,324,324,324,324,324,324,324,324,324,324,324,324,324,324,324,324,324,324,324,324,324,324,324,324,324,324,324,324,324,324,324,324,324,324,324,324,324,324,324,324,324,324,324,324,324,324,324,324,324,324,324,324,324,324,324,324,324,324,324,324,324,324,324,324,324,324,324,324,324,324,324
7,0,225,225,225,225,225,225,225,225,225,225,225,225,225,225,225,225,225,225,225,225,225,225,225,225,225,225,225,225,225,225,225,225,225,225,225,225,225,225,225,225,225,225,225,225,225,225,225,225,225,225,225,225,225,225,225,225,225,225,225,225,225,225,225,225,225,225,225,225,225,225,225,225,225,225,225,225,225,225,225,225,225,225,225,225
7,1,172,172,172,172,172,172,172,172,172,172,172,172,172,172,172,172,172,172,172,172,172,172,172,172,172,172,172,172,172,172,172,172,172,172,172,172,172,172,172,172,172,172,172,172,172,172,172,172,172,172,172,172,172,172,172,172,172,172,172,172,172,172,172,172,172,172,172,172,172,172,172,172,172,172,172,172,172,172,172,172,172,172,172,172
7,2,87,87,87,87,87,87,87,87,87,87,87,87,87,87,87,87,87,87,87,87,87,87,87,87,87,87,87,87,87,87,87,87,87,87,87,87,87,87,87,87,87,87,87,87,87,87,87,87,87,87,87,87,87,87,87,87,87,87,87,87,87,87,87,87,87,87,87,87,87,87,87,87,87,87,87,87,87,87,87,87,87,87,87,87
7,3,54,54,54,54,54,54,54,54,54,54,54,54,54,54,54,54,54,54,54,54,54,54,54,54,54,54,54,54,54,54,54,54,54,54,54,54,54,54,54,54,54,54,54,54,54,54,54,54,54,54,54,54,54,54,54,54,54,54,54,54,54,54,54,54,54,54,54,54,54,54,54,54,54,54,54,54,54,54,54,54,54,54,54,54
7,4,35,35,35,35,35,35,35,35,35,35,35,35,35,35,35,35,35,35,35,35,35,35,35,35,35,35,35,35,35,35,35,35,35,35,35,35,35,35,35,35,35,35,35,35,35,35,35,35,35,35,35,35,35,35,35,35,35,35,35,35,35,35,35,35,35,35,35,35,35,35,35,35,35,35,35,35,35,35,35,35,35,35,35,35
7,5,45,45,45,45,45,45,45,45,45,45,45,45,45,45,45,45,45,45,45,45,45,45,45,45,45,45,45,45,45,45,45,45,45,45,45,45,45,45,45,45,45,45,45,45,45,45,45,45,45,45,45,45,45,45,45,45,45,45,45,45,45,45,45,45,45,45,45,45,45,45,45,45,45,45,45,45,45,45,45,45,45,45,45,45
7,6,69,69,69,69,69,69,69,69,69,69,69,69,69,69,69,69,69,69,69,69,69,69,69,69,69,69,69,69,69,69,69,69,69,69,69,69,69,69,69,69,69,69,69,69,69,69,69,69,69,69,69,69,69,69,69,69,69,69,69,69,69,69,69,69,69,69,69,69,69,69,69,69,69,69,69,69,69,69,69,69,69,69,69,69
7,7,182,182,182,182,182,182,182,182,182,182,182,182,182,182,182,182,182,182,182,182,182,182,182,182,182,182,182,182,182,182,182,182,182,182,182,182,182,182,182,182,182,182,182,182,182,182,182,182,182,182,182,182,182,182,182,182,182,182,182,182,182,182,182,182,182,182,182,182,182,182,182,182,182,182,182,182,182,182,182,182,182,182,182,182
7,8,429,429,429,429,429,429,429,429,429,429,429,429,429,429,429,429,429,429,429,429,429,429,429,429,429,429,429,429,429,429,429,429,429,429,429,429,429,429,429,429,429,429,429,429,429,429,429,429,429,429,429,429,429,429,429,429,429,429,429,429,429,429,429,429,429,429,429,429,429,429,429,429,429,429,429,429,429,429,429,429,429,429,429,429
7,9,579,579,579,579,579,579,579,579,579,579,579,579,579,579,579,579,579,579,579,579,579,579,579,579,579,579,579,579,579,579,579,579,579,579,579,579,579,579,579,579,579,579,579,579,579,579,579,579,579,579,579,579,579,579,579,579,579,579,579,579,579,579,579,579,579,579,579,579,579,579,579,579,579,579,579,579,579,579,579,579,579,579,579,579
7,10,809,809,809,809,809,809,809,809,809,809,809,809,809,809,809,809,809,809,809,809,809,809,809,809,809,809,809,809,809,809,809,809,809,809,809,809,809,809,809,809,809,809,809,809,809,809,809,809,809,809,809,809,809,809,809,809,809,809,809,809,809,809,809,809,809,809,809,809,809,809,809,809,809,809,809,809,809,809,809,809,809,809,809,809
7,11,1037,1037,1037,1037,1037,1037,1037,1037,1037,1037,1037,1037,1037,1037,1037,1037,1037,1037,1037,1037,1037,1037,1037,1037,1037,1037,1037,1037,1037,1037,1037,1037,1037,1037,1037,1037,1037,1037,1037,1037,1037,1037,1037,1037,1037,1037,1037,1037,1037,1037,1037,1037,1037,1037,1037,1037,1037,1037,1037,1037,1037,1037,1037,1037,1037,1037,1037,1037,1037,1037,1037,1037,1037,1037,1037,1037,1037,1037,1037,1037,1037,1037,1037,1037
7,12,1169,1169,1169,1169,1169,1169,1169,1169,1169,1169,1169,1169,1169,1169,1169,1169,1169,1169,1169,1169,1169,1169,1169,1169,1169,1169,1169,1169,1169,1169,1169,1169,1169,1169,1169,1169,1169,1169,1169,1169,1169,1169,1169,1169,1169,1169,1169,1169,1169,1169,1169,1169,1169,1169,1169,1169,1169,1169,1169,1169,1169,1169,1169,1169,1169,1169,1169,1169,1169,1169,1169,1169,1169,1169,1169,1169,1169,1169,1169,1169,1169,1169,1169,1169
7,13,1092,1092,1092,1092,1092,1092,1092,1092,1092,1092,1092,1092,1092,1092,1092,1092,1092,1092,1092,1092,1092,1092,1092,1092,1092,1092,1092,1092,1092,1092,1092,1092,1092,1092,1092,1092,1092,1092,1092,1092,1092,1092,1092,1092,1092,1092,1092,1092,1092,1092,1092,1092,1092,1092,1092,1092,1092,1092,1092,1092,1092,1092,1092,1092,1092,1092,1092,1092,1092,1092,1092,1092,1092,1092,1092,1092,1092,1092,1092,1092,1092,1092,1092,1092
7,14,1166,1166,1166,1166,1166,1166,1166,1166,1166,1166,1166,1166,1166,1166,1166,1166,1166,1166,1166,1166,1166,1166,1166,1166,1166,1166,1166,1166,1166,1166,1166,1166,1166,1166,1166,1166,1166,1166,1166,1166,1166,1166,1166,1166,1166,1166,1166,1166,1166,1166,1166,1166,1166,1166,1166,1166,1166,1166,1166,1166,1166,1166,1166,1166,1166,1166,1166,1166,1166,1166,1166,1166,1166,1166,1166,1166,1166,1166,1166,1166,1166,1166,1166,1166
7,15,1170,1170,1170,1170,1170,1170,1170,1170,1170,1170,1170,1170,1170,1170,1170,1170,1170,1170,1170,1170,1170,1170,1170,1170,1170,1170,1170,1170,1170,1170,1170,1170,1170,1170,1170,1170,1170,1170,1170,1170,1170,1170,1170,1170,1170,1170,1170,1170,1170,1170,1170,1170,1170,1170,1170,1170,1170,1170,1170,1170,1170,1170,1170,1170,1170,1170,1170,1170,1170,1170,1170,1170,1170,1170,1170,1170,1170,1170,1170,1170,1170,1170,1170,1170
7,16,1199,1199,1199,1199,1199,1199,1199,1199,1199,1199,1199,1199,1199,1199,1199,1199,1199,1199,1199,1199,1199,1199,1199,1199,1199,1199,1199,1199,1199,1199,1199,1199,1199,1199,1199,1199,1199,1199,1199,1199,1199,1199,1199,1199,1199,1199,1199,1199,1199,1199,1199,1199,1199,1199,1199,1199,1199,1199,1199,1199,1199,1199,1199,1199,1199,1199,1199,1199,1199,1199,1199,1199,1199,1199,1199,1199,1199,1199,1199,1199,1199,1199,1199,1199
7,17,1308,1308,1308,1308,1308,1308,1308,1308,1308,1308,1308,1308,1308,1308,1308,1308,1308,1308,1308,1308,1308,1308,1308,1308,1308,1308,1308,1308,1308,1308,1308,1308,1308,1308,1308,1308,1308,1308,1308,1308,1308,1308,1308,1308,1308,1308,1308,1308,1308,1308,1308,1308,1308,1308,1308,1308,1308,1308,1308,1308,1308,1308,1308,1308,1308,1308,1308,1308,1308,1308,1308,1308,1308,1308,1308,1308,1308,1308,1308,1308,1308,1308,1308,1308
7,18,1319,1319,1319,1319,1319,1319,1319,1319,1319,1319,1319,1319,1319,1319,1319,1319,1319,1319,1319,1319,1319,1319,1319,1319,1319,1319,1319,1319,1319,1319,1319,1319,1319,1319,1319,1319,1319,1319,1319,1319,1319,1319,1319,1319,1319,1319,1319,1319,1319,1319,1319,1319,1319,1319,1319,1319,1319,1319,1319,1319,1319,1319,1319,1319,1319,1319,1319,1319,1319,1319,1319,1319,1319,1319,1319,1319,1319,1319,1319,1319,1319,1319,1319,1319
7,19,1058,1058,1058,1058,1058,1058,1058,1058,1058,1058,1058,1058,1058,1058,1058,1058,1058,1058,1058,1058,1058,1058,1058,1058,1058,1058,1058,1058,1058,1058,1058,1058,1058,1058,1058,1058,1058,1058,1058,1058,1058,1058,1058,1058,1058,1058,1058,1058,1058,1058,1058,1058,1058,1058,1058,1058,1058,1058,1058,1058,1058,1058,1058,1058,1058,1058,1058,1058,1058,1058,1058,1058,1058,1058,1058,1058,1058,1058,1058,1058,1058,1058,1058,1058
7,20,669,669,669,669,669,669,669,669,669,669,669,669,669,669,669,669,669,669,669,669,669,669,669,669,669,669,669,669,669,669,669,669,669,669,669,669,669,669,669,669,669,669,669,669,669,669,669,669,669,669,669,669,669,669,669,669,669,669,669,669,669,669,669,669,669,669,669,669,669,669,669,669,669,669,669,669,669,669,669,669,669,669,669,669
7,21,487,487,487,487,487,487,487,487,487,487,487,487,487,487,487,487,487,487,487,487,487,487,487,487,487,487,487,487,487,487,487,487,487,487,487,487,487,487,487,487,487,487,487,487,487,487,487,487,487,487,487,487,487,487,487,487,487,487,487,487,487,487,487,487,487,487,487,487,487,487,487,487,487,487,487,487,487,487,487,487,487,487,487,487
7,22,330,330,330,330,330,330,330,330,330,330,330,330,330,330,330,330,330,330,330,330,330,330,330,330,330,330,330,330,330,330,330,330,330,330,330,330,330,330,330,330,330,330,330,330,330,330,330,330,330,330,330,330,330,330,330,330,330,330,330,330,330,330,330,330,330,330,330,330,330,330,330,330,330,330,330,330,330,330,330,330,330,330,330,330
7,23,220,220,220,220,220,220,220,220,220,220,220,220,220,220,220,220,220,220,220,220,220,220,220,220,220,220,220,220,220,220,220,220,220,220,220,220,220,220,220,220,220,220,220,220,220,220,220,220,220,220,220,220,220,220,220,220,220,220,220,220,220,220,220,220,220,220,220,220,220,220,220,220,220,220,220,220,220,220,220,220,220,220,220,220
